{"_id":{"$oid":"5dd4d616577ca7ab586663c5"},"Title":"The 40-Year-Old Virgin","Description":"Goaded by his buddies, a nerdy guy who''s never \"done the deed\" only finds the pressure mounting when he meets a single mother.","Genre":{"Name":"Comedy","Description":"Comedy is a story that tells about a series of funny, or comical events, intended to make the audience laugh. It is a very open genre, and thus crosses over with many other genres on a frequent basis."},"Director":{"Name":"Judd Apatow","Bio":"Judd Apatow was born on December 6, 1967 in Syosset, New York, USA. He is a producer and writer, known for Girls (2012), Knocked Up (2007) and The 40-Year-Old Virgin (2005). He has been married to Leslie Mann since June 9, 1997. They have two children.","Birth":"1967","Death":""},"ImagePath":"40yrv.png","Featured":false}
{"_id":{"$oid":"5dd4d626577ca7ab586663c6"},"Title":"Silence of the Lambs","Description":"A young FBI cadet must receive the help of an incarcerated and manipulative cannibal killer to help catch another serial killer.","Genre":{"Name":"Thriller","Description":"Thriller film, also known as suspense film or suspense thriller, is a broad film genre that involves excitement and suspense in the audience."},"Director":{"Name":"Jonathan Demme","Bio":"Robert Jonathan Demme was an American director, producer, and screenwriter.","Birth":"1944","Death":"2017"},"ImagePath":"silenceofthelambs.png","Featured":true}
{"_id":{"$oid":"5dd4d64e577ca7ab586663c7"},"Title":"The Martian","Description":"An astronaut becomes stranded on Mars after his team assume him dead, and must rely on his ingenuity to find a way to signal to Earth that he is alive.","Genre":{"Name":"Drama","Description":"Within film, television and radio (but not theatre), drama is a genre of narrative fiction (or semi-fiction) intended to be more serious than humorous in tone,[2] focusing on in-depth development of realistic characters who must deal with realistic emotional struggles. A drama is commonly considered the opposite of a comedy, but may also be considered separate from other works of some broad genre, such as a fantasy."},"Director":{"Name":"Ridley Scott","Bio":"Described by film producer Michael Deeley as \"the very best eye in the business\", director Ridley Scott was born on November 30, 1937 in South Shields, Tyne and Wear (then County Durham). His father was an officer in the Royal Engineers and the family followed him as his career posted him throughout the United Kingdom and Europe before they eventually returned to Teesside. Scott wanted to join the Royal Army (his elder brother Frank had already joined the Merchant Navy) but his father encouraged him to develop his artistic talents instead and so he went to West Hartlepool College of Art and then London's Royal College of Art where he helped found the film department.","Birth":"1937","Death":""},"ImagePath":"martian.png","Featured":false}
{"_id":{"$oid":"5dd4d845577ca7ab586663c8"},"Title":"Exodus: Gods and Kings","Description":"The defiant leader Moses rises up against Egyptian Pharaoh Ramses II, setting six hundred thousand slaves on a monumental journey of escape from Egypt and its terrifying cycle of deadly plagues.","Genre":{"Name":"Action","Description":"An action story is similar to adventure, and the protagonist usually takes a risky turn, which leads to desperate situations (including explosions, fight scenes, daring escapes, etc.). Action and adventure are usually categorized together (sometimes even as \"action-adventure\") because they have much in common, and many stories fall under both genres simultaneously (for instance, the James Bond series can be classified as both)."},"Director":{"Name":"Ridley Scott","Bio":"Described by film producer Michael Deeley as \"the very best eye in the business\", director Ridley Scott was born on November 30, 1937 in South Shields, Tyne and Wear (then County Durham). His father was an officer in the Royal Engineers and the family followed him as his career posted him throughout the United Kingdom and Europe before they eventually returned to Teesside. Scott wanted to join the Royal Army (his elder brother Frank had already joined the Merchant Navy) but his father encouraged him to develop his artistic talents instead and so he went to West Hartlepool College of Art and then London's Royal College of Art where he helped found the film department.","Birth":"1937","Death":""},"ImagePath":"exodus.png","Featured":false}
{"_id":{"$oid":"5dd4d845577ca7ab586663c9"},"Title":"Prometheus","Description":"Following clues to the origin of mankind, a team finds a structure on a distant moon, but they soon realize they are not alone.","Genre":{"Name":"Thriller","Description":"A Thriller is a story that is usually a mix of fear and excitement. It has traits from the suspense genre and often from the action, adventure or mystery genres, but the level of terror makes it borderline horror fiction at times as well. It generally has a dark or serious theme, which also makes it similar to drama."},"Director":{"Name":"Ridley Scott","Bio":"Described by film producer Michael Deeley as \"the very best eye in the business\", director Ridley Scott was born on November 30, 1937 in South Shields, Tyne and Wear (then County Durham). His father was an officer in the Royal Engineers and the family followed him as his career posted him throughout the United Kingdom and Europe before they eventually returned to Teesside. Scott wanted to join the Royal Army (his elder brother Frank had already joined the Merchant Navy) but his father encouraged him to develop his artistic talents instead and so he went to West Hartlepool College of Art and then London's Royal College of Art where he helped found the film department.","Birth":"1937","Death":""},"ImagePath":"prom.png","Featured":false}
{"_id":{"$oid":"5dd4d845577ca7ab586663ca"},"Title":"Alien","Description":"After a space merchant vessel perceives an unknown transmission as a distress call, its landing on the source moon finds one of the crew attacked by a mysterious lifeform, and they soon realize that its life cycle has merely begun.","Genre":{"Name":"Thriller","Description":"A Thriller is a story that is usually a mix of fear and excitement. It has traits from the suspense genre and often from the action, adventure or mystery genres, but the level of terror makes it borderline horror fiction at times as well. It generally has a dark or serious theme, which also makes it similar to drama."},"Director":{"Name":"Ridley Scott","Bio":"Described by film producer Michael Deeley as \"the very best eye in the business\", director Ridley Scott was born on November 30, 1937 in South Shields, Tyne and Wear (then County Durham). His father was an officer in the Royal Engineers and the family followed him as his career posted him throughout the United Kingdom and Europe before they eventually returned to Teesside. Scott wanted to join the Royal Army (his elder brother Frank had already joined the Merchant Navy) but his father encouraged him to develop his artistic talents instead and so he went to West Hartlepool College of Art and then London's Royal College of Art where he helped found the film department.","Birth":"1937","Death":""},"ImagePath":"alien.png","Featured":false}
{"_id":{"$oid":"5dd4d845577ca7ab586663cb"},"Title":"Hannibal","Description":"","Genre":{"Name":"Thriller","Description":"A Thriller is a story that is usually a mix of fear and excitement. It has traits from the suspense genre and often from the action, adventure or mystery genres, but the level of terror makes it borderline horror fiction at times as well. It generally has a dark or serious theme, which also makes it similar to drama."},"Director":{"Name":"Ridley Scott","Bio":"Described by film producer Michael Deeley as \"the very best eye in the business\", director Ridley Scott was born on November 30, 1937 in South Shields, Tyne and Wear (then County Durham). His father was an officer in the Royal Engineers and the family followed him as his career posted him throughout the United Kingdom and Europe before they eventually returned to Teesside. Scott wanted to join the Royal Army (his elder brother Frank had already joined the Merchant Navy) but his father encouraged him to develop his artistic talents instead and so he went to West Hartlepool College of Art and then London's Royal College of Art where he helped found the film department.","Birth":"1937","Death":""},"ImagePath":"hannibal.png","Featured":false}
{"_id":{"$oid":"5dd4d846577ca7ab586663cc"},"Title":"Blade Runner","Description":"A blade runner must pursue and terminate four replicants who stole a ship in space, and have returned to Earth to find their creator.","Genre":{"Name":"Thriller","Description":"A Thriller is a story that is usually a mix of fear and excitement. It has traits from the suspense genre and often from the action, adventure or mystery genres, but the level of terror makes it borderline horror fiction at times as well. It generally has a dark or serious theme, which also makes it similar to drama."},"Director":{"Name":"Ridley Scott","Bio":"Described by film producer Michael Deeley as \"the very best eye in the business\", director Ridley Scott was born on November 30, 1937 in South Shields, Tyne and Wear (then County Durham). His father was an officer in the Royal Engineers and the family followed him as his career posted him throughout the United Kingdom and Europe before they eventually returned to Teesside. Scott wanted to join the Royal Army (his elder brother Frank had already joined the Merchant Navy) but his father encouraged him to develop his artistic talents instead and so he went to West Hartlepool College of Art and then London's Royal College of Art where he helped found the film department.","Birth":"1937","Death":""},"ImagePath":"bladerunner.png","Featured":false}
{"_id":{"$oid":"5dd4d846577ca7ab586663cd"},"Title":"Kingdom of Heaven","Description":"Balian of Ibelin travels to Jerusalem during the Crusades of the 12th century, and there he finds himself as the defender of the city and its people.","Genre":{"Name":"Action","Description":"An action story is similar to adventure, and the protagonist usually takes a risky turn, which leads to desperate situations (including explosions, fight scenes, daring escapes, etc.). Action and adventure are usually categorized together (sometimes even as \"action-adventure\") because they have much in common, and many stories fall under both genres simultaneously (for instance, the James Bond series can be classified as both)."},"Director":{"Name":"Ridley Scott","Bio":"Described by film producer Michael Deeley as \"the very best eye in the business\", director Ridley Scott was born on November 30, 1937 in South Shields, Tyne and Wear (then County Durham). His father was an officer in the Royal Engineers and the family followed him as his career posted him throughout the United Kingdom and Europe before they eventually returned to Teesside. Scott wanted to join the Royal Army (his elder brother Frank had already joined the Merchant Navy) but his father encouraged him to develop his artistic talents instead and so he went to West Hartlepool College of Art and then London's Royal College of Art where he helped found the film department.","Birth":"1937","Death":""},"ImagePath":"kofh.png","Featured":false}
{"_id":{"$oid":"5dd4d849577ca7ab586663ce"},"Title":"Gladiator","Description":"This is the updated description for Gladiator the movie.","Genre":{"Name":"Action","Description":"An action story is similar to adventure, and the protagonist usually takes a risky turn, which leads to desperate situations (including explosions, fight scenes, daring escapes, etc.). Action and adventure are usually categorized together (sometimes even as \"action-adventure\") because they have much in common, and many stories fall under both genres simultaneously (for instance, the James Bond series can be classified as both)."},"Director":{"Bio":"This is the updated description for Ridley Scott."},"ImagePath":"gladiator.png","Featured":true}
